category,sub_category,product_count
"Bags, Wallets & Belts","SUNSHOPPING Bags, Wallets & Belts",31
"Bags, Wallets & Belts","Winsome Deal Bags, Wallets & Belts",4
"Bags, Wallets & Belts","YOFAMA Bags, Wallets & Belts",4
"Bags, Wallets & Belts","Brand Trunk Bags, Wallets & Belts",1
"Bags, Wallets & Belts","mentiezi Bags, Wallets & Belts",1
"Clothing and Accessories",Topwear,16168
"Clothing and Accessories",Bottomwear,3757
"Clothing and Accessories","Winter Wear",2667
"Clothing and Accessories","Clothing Accessories",1712
"Clothing and Accessories","Innerwear and Swimwear",1592
"Clothing and Accessories","Kurtas, Ethnic Sets and Bottoms",1242
"Clothing and Accessories",Fabrics,535
"Clothing and Accessories","Blazers, Waistcoats and Suits",136
"Clothing and Accessories",Sleepwear,121
"Clothing and Accessories",Tracksuits,72
"Clothing and Accessories",Raincoats,34
"Clothing and Accessories","Uber Urban Clothing and Accessories",28
"Clothing and Accessories","Inspire Clothing and Accessories",27
"Clothing and Accessories","Crocks Club Clothing and Accessories",15
"Clothing and Accessories","Roy Clothing and Accessories",12
Footwear,"Men's Footwear",977
Toys,"Party Supplies",1
